{
  "norm_stats": {
    "state": {
      "mean": [
        0.007005180232226849,
        0.29467275738716125,
        -0.00331046711653471,
        -2.178870677947998,
        0.00200783577747643,
        2.4726014137268066,
        0.8105767965316772,
        0.023638639599084854
      ],
      "std": [
        0.1478731632232666,
        0.2897662818431854,
        0.10731205344200134,
        0.4198242127895355,
        0.0689874067902565,
        0.3204159438610077,
        0.495117723941803,
        0.016432875767350197
      ],
      "q01": [
        -0.34438448441028596,
        -0.22709672201871872,
        -0.28122754330635075,
        -2.860268020105362,
        -0.20585966855287552,
        1.5707963705062866,
        -0.4366058077812196,
        0.0
      ],
      "q99": [
        0.3873456451892854,
        0.9852914290308954,
        0.27367080111503594,
        -1.161573127269745,
        0.20890909433364868,
        3.0531936925649643,
        2.1071231347084045,
        0.03999199910610914
      ]
    },
    "actions": {
      "mean": [
        0.000614401011262089,
        0.010110578499734402,
        -0.0003670427540782839,
        -0.01857929676771164,
        0.000019355442418600433,
        0.028272755444049835,
        0.0007321431767195463,
        -0.10509656369686127
      ],
      "std": [
        0.0553252138197422,
        0.13423579931259155,
        0.03725232183933258,
        0.13932852447032928,
        0.03795165568590164,
        0.14365772902965546,
        0.11429385095834732,
        0.9944620132446289
      ],
      "q01": [
        -0.18040079298019407,
        -0.3191569724082947,
        -0.13117732753753664,
        -0.5344759382843971,
        -0.12701646758317942,
        -0.2923886525869369,
        -0.4027193263053894,
        -1.0
      ],
      "q99": [
        0.19587624197006226,
        0.3774391655921935,
        0.11749427890777586,
        0.4144394028544425,
        0.12551680266857157,
        0.5218227294564248,
        0.4166772034645081,
        0.9996
      ]
    }
  }
}